Id,Name,Email,Coding,Leadership,Communication Skill,Presentation designing
11,Andrea,testuser11@example.com,17,98,6,40
12,Jennifer,testuser12@example.com,22,75,0,5
13,Yvonne,testuser13@example.com,13,99,22,31
14,Frank,testuser14@example.com,26,83,10,8
15,Paul,testuser15@example.com,39,76,33,37
16,Adam,testuser16@example.com,6,76,39,15
17,Lillian,testuser17@example.com,36,85,19,37
18,Tracey,testuser18@example.com,35,77,18,34
19,Phil,testuser19@example.com,19,95,9,20
20,Andrew,testuser20@example.com,15,89,28,0
21,Gavin,testuser21@example.com,10,18,89,16
22,Rose,testuser22@example.com,40,10,72,26
23,Leah,testuser23@example.com,33,23,76,40
24,Irene,testuser24@example.com,24,19,71,0
25,Lily,testuser25@example.com,17,16,91,7
26,Mary,testuser26@example.com,26,10,74,1
27,Sally,testuser27@example.com,0,31,84,8
28,Kevin,testuser28@example.com,15,0,80,34
29,Robert,testuser29@example.com,12,12,82,27
30,Lily,testuser30@example.com,20,15,100,1
31,Brian,testuser31@example.com,2,5,20,79
32,Keith,testuser32@example.com,2,1,39,74
33,Zoe,testuser33@example.com,29,18,34,87
34,Audrey,testuser34@example.com,14,22,2,89
35,Joe,testuser35@example.com,37,11,3,86
36,Vanessa,testuser36@example.com,20,6,18,79
37,Karen,testuser37@example.com,2,35,39,100
38,Chloe,testuser38@example.com,24,2,0,96
39,admin,testuser39@gmail.com,98,6,11,3
41,Melanie,testuser1@example.com,93,2,40,39
42,Connor,testuser2@example.com,93,18,21,5
43,Karen,testuser3@example.com,76,34,30,16
44,Brian,testuser4@example.com,83,26,1,33
45,Amy,testuser5@example.com,83,18,21,14
46,Victor,testuser6@example.com,87,4,6,21
47,Sue,testuser7@example.com,91,14,34,7
48,Rebecca,testuser8@example.com,99,2,38,32
49,Adam,testuser9@example.com,88,21,29,28
50,Christopher,testuser10@example.com,88,1,24,20
1,tester,tester@gmail.com,64,32,64,16
